English,繁中,简中,Deutsch,Русский,Français,日本語,한국어,Español,Português,العربية,українська
Arial,微軟正黑體,SimSun,Arial,Arial Narrow,Arial,微軟正黑體,Dotum,Arial,Arial,Arial Unicode MS,Myriad Pro
12,12,11,12,11,12,12,12,12,12,12,12
Turn Off,,,,,,,,,,,
Main Menu,,,,,,,,,,,
Exit,退出,退出,Verlassen,Выход,Quitter,出る,나가기,Salir,Saída,خروج,Вихід
Crosshair,準心輔助,准心辅助,Fadenkreuz,Прицел,Viseur,照準線,크로스헤어,Punto de mira,Mira,نقطة التقاطع,Прицiл
OFF,關閉,关闭,Aus,ВЫКЛ.,ARRÊT,オフ,OFF,Apagado,DESATIVADO,إغلاق,Вимкнено
Style 1,樣式1,样式1,Stil 1,Стиль 1,Style 1,スタイル 1,스타일1,Estilo 1,Estilo 1,أسلوب 1,Стиль 1
Style 2,樣式2,样式2,Stil 2,Стиль 2,Style 2,スタイル 2,스타일2,Estilo 2,Estilo 2,أسلوب 2,Стиль 2
Style 3,樣式3,样式3,Stil 3,Стиль 3,Style 3,スタイル 3,스타일3,Estilo 3,Estilo 3,أسلوب 3,Стиль 3
Style 4,樣式4,样式4,Stil 4,Стиль 4,Style 4,スタイル 4,스타일4,Estilo 4,Estilo 4,أسلوب 4,Стиль 4
GameAssist,遊戲輔助工具,游戏辅助工具,Spielassistent,Игровой ассистент,Assistance en jeu,ゲームアシスト,게임보조기능,Asistente de juego,GameAssist,أدوات مساعدة للألعاب,Ігровий помічник
GAME INFO,GAME情報,GAME情报,GAME Info,Информация GAME,Infos GAME,GAME情報,GAME 정보,Información GAME,Informações GAME,GAME معلومات ,Ігрова інформація
Game Timer,,,,,,,,,,,
OFF,關閉,关闭,Aus,ВЫКЛ.,ARRÊT,オフ,OFF,Apagado,DESATIVADO,إغلاق,Вимкнено
Count Up,正數計時,正数计时,Hochzählen,Прямой счет,Compter,カウントアップ,카운트 업,Cuenta progresiva,Crescente,عد تصاعدى,Прямий рахунок
Count Down,倒數計時,倒数计时,Runterzählen,Обратный счет,Compter à rebours,カウントダウン,카운트 다운,Cuenta regresiva,Decrescente,عد تنازلى,Зворотнiй рахунок
Refresh Rate,更新頻率,更新频率,Refresh Rate,Refresh Rate,Refresh Rate,リフレッシュレート,리프레쉬 비율,Tasa de refresco,Refresh Rate,معدل التحديث,Refresh Rate
ON,開啟,开启,Ein,ВКЛ.,MARCHE,オン,ON,Encendido,ATIVADO,تشغيل,Увімкнено
OFF,關閉,关闭,Aus,ВЫКЛ.,ARRÊT,オフ,OFF,Apagado,DESATIVADO,إغلاق,Вимкнено
Info Location,情報位置,情报位置,Info-Position,Info Location,Position info,情報位置,정보 위치,Info Location,Info Location,موقع عرض المعلومات,Info Location
Horizontal 左、右,,,,,,,,,,,
Vertical 上、中、下,,,,,,,,,,,
Display Alignment,螢幕拼接輔助,屏幕拼接辅助,Display-Ausrichtung,Выравнивание экрана,Alignement affichage,ディスプレイ調整,디스플레이 정렬,Alineación de visualización,Alinhamento do ecrã,محاذاة الشاشة,Вирiвнювання екрану
ON,開啟,开启,Ein,ВКЛ.,MARCHE,オン,ON,Encendido,ATIVADO,تشغيل,Увімкнено
OFF,關閉,关闭,Aus,ВЫКЛ.,ARRÊT,オフ,OFF,Apagado,DESATIVADO,إغلاق,Вимкнено
Settings,,,,,,,,,,,
Gaming,遊戲模式,游戏模式,Gaming,Игра,Jeu,ゲーミング,게임,Juego,Jogos,الألعاب,Гра
Aim Stabilizer Sync,穩定瞄準功能Sync,稳定瞄准功能Sync,Zielstabilisator Sync,Aim Stabilizer Sync,Stabilisateur visée Sync,照準安定器Sync,에임 스테빌라이저 Sync,Aim Stabilizer Sync,Aim Stabilizer Sync,مثبت التصويب Sync,Aim Stabilizer Sync
ON,開啟,开启,Ein,ВКЛ.,MARCHE,オン,ON,Encendido,ATIVADO,تشغيل,Увімкнено
OFF,關閉,关闭,Aus,ВЫКЛ.,ARRÊT,オフ,OFF,Apagado,DESATIVADO,إغلاق,Вимкнено
Black Equalizer,黑平衡,黑平衡,Schwarzausgleich,Баланс черного,Égaliseur de noir,Black Equalizer,블랙 이퀄라이저,Ecualizador negro,Black Equalizer,إزالة الظل,Баланс чорного
Super Resolution,超級解析度,超级分辨率,Hohe Auflösung,Сверхвысокое разрешение ,Super résolution,超解像度,초고해상도,Súper resolución,Super resolução,وضوح فائق,Super Resolution
Display Mode,顯示模式,显示模式,Display Modus,Режим дисплея,Mode d'affichage,ディスプレイ・モード,디스플레이,Modo visualización,Modo de exibição,وضع العرض,Режим дисплею
Full,全螢幕,全屏幕,Voll,Полноэкранный,Plein,フル,전체화면,Pantalla completa,Total,ملء الشاشة,Повноекранний
Aspect,原比例,原比例,Aspekt,Соотношение сторон,Aspect,アスペクト比,화면 비율,Aspecto,Proporção,نسبة العرض للارتفاع ,Співвідношення сторін
Overdrive,反應時間,反应时间,Übersteuern,Увеличить масштаб,Surmultiplication,オーバードライブ,오버드라이브,Sobrecarga,Tempo de resposta,زمن الاستجابة للحركة,Overdrive
OFF,關閉,关闭,Aus,ВЫКЛ.,ARRÊT,オフ,OFF,Apagado,DESATIVADO,إغلاق,Вимкнено
Smart OD,智慧OD,智能OD,Intelligente OD,Режим Smart OD,Smart OD,スマートOD,스마트 오버드라이브,OD inteligente,OD inteligente,زمن الاستجابة الذكى,Smart OD
Picture quality,,,,,,,,,,,
Balance,平衡,平衡,Balance,Баланс,Balance,バランス,밸런스,Balance,Equilíbrio,التوازن,Баланс
Speed,速度優先,速度优先,Geschwindigkeit,Скорость,Vitesse,速度優先,속도 ,Velocidad,Velocidade,السرعة,Швидкість
FreeSync Premium,,,,,,,,,,,
Enable,開啟,开启,Aktivieren,Активировать,Activer,有効にする,Enable,Habilitar,Habilitar,تفعيل,Увімкнути
Disable,關閉,关闭,Deaktivieren,Отключить,Désactiver,無効にする,Disable,Desactivar,Desabilitar,تعطيل,Вимкнути
Picture,圖像功能,图像功能,Bild,Графика,Image,画像,사진,Imagen,Imagem,الصورة,Зображення
Standard,預設模式,预设模式,Standard,Стандартный,Standard,スタンダード,표준,Modo estándar,Padrão,قياسى,Стандартний
Brightness,亮度,亮度,Helligkeit,Яркость,Luminosité,輝度,밝기,Brillo,Brilho,السطوع,Яскравість
Contrast,對比,对比,Kontrast,Контрастность,Contraste,コントラスト,대비,Contraste,Contraste,التباين,Контраст
Color Vibrance,色彩自然飽和度,色彩自然饱和度,Sättigung,Насыщенность,Vibrance Couleur,彩度,컬러 바이브런스,Intensidad Color,Vibração da cor,حيوية اللون,Насиченiсть
Sharpness,銳利度,锐利度,Schärfe,Резкость,Netteté,シャープネス,선명도,Nitidez,Nitidez,الدقة,Рiзкiсть
Gamma,Gamma,Gamma,Gamma,Гамма,Gamma,ガンマ,Gamma,Gamma,Gama,جاما,Гамма
OFF,關閉,关闭,Aus,ВЫКЛ.,ARRÊT,オフ,OFF,Apagado,DESATIVADO,إغلاق,Вимкнено
Gamma 1,Gamma 1,Gamma 1,Gamma 1,Гамма 1,Gamma 1,ガンマ 1,Gamma 1,Gamma 1,Gama 1,جاما 1,Гамма 1
Gamma 2,Gamma 2,Gamma 2,Gamma 2,Гамма 2,Gamma 2,ガンマ 2,Gamma 2,Gamma 2,Gama 2,جاما 2,Гамма 2
Gamma 3,Gamma 3,Gamma 3,Gamma 3,Гамма 3,Gamma 3,ガンマ 3,Gamma 3,Gamma 3,Gama 3,جاما 3,Гамма 3
Gamma 4,Gamma 4,Gamma 4,Gamma 4,Гамма 4,Gamma 4,ガンマ 4,Gamma 4,Gamma 4,Gama 4,جاما 4,Гамма 4
Gamma 5,Gamma 5,Gamma 5,Gamma 5,Гамма 5,Gamma 5,ガンマ 5,Gamma 5,Gamma 5,Gama 5,جاما 5,Гамма 5
Color Temperature,色溫,色温,Farbtemperatur,Цветовая температура,Température couleur,色温度,색 온도,Temperatura del color,Temperatura da cor,درجة حرارة اللون,Температура кольору
Cool,冷色調,冷色调,Kühl,Холодная,Froid,寒色,차가운 색상,Frio,Fria,بارد,Холодний
Natural,自然色,自然色,Natürlich,Естественный,Naturel,自然,자연스러운,Natural,Natural,طبيعي,Природній
Normal,標準,标准,Normal,Нормальная,Normal,通常,표준,Normal,Normal,عادى,Нормальний
Warm,暖色調,暖色调,Warm,Теплая,Chaud,暖色,따뜻한 색상,Cálido,Quente,دافىء,Теплий
User Define,使用者自訂,用户自定,Benutzerdefiniert,User Define,Défini par l'utilisateur,ユーザー定義,사용자 정의,Definir por el usuario,Definido pelo utilizador,يحددها المستخدم,User Define
R,紅,红,R,Канал R,R,R,R,Rojo,R,أحمر,R
G,綠,绿,G,Канал G,V,G,G,Verde,G,أخضر,G
B,藍,蓝,B,Канал B,B,B,B,Azul,B,أزرق,B
Low Blue Light,低藍光,低蓝光,Blaufilter,Фильтрация синего,Faible lumière bleue,ブルーライト低減,로우 블루라이트,Luz azul de baja intensidad,Luz azul reduzida,ضوء أزرق خفيف,Фільтр синього
DCR,DCR,DCR,DCR,DCR,DCR,DCR,DCR,DCR,DCR,DCR,DCR
ON,開啟,开启,Ein,ВКЛ.,MARCHE,オン,ON,Encendido,ATIVADO,تشغيل,Увімкнено
OFF,關閉,关闭,Aus,ВЫКЛ.,ARRÊT,オフ,OFF,Apagado,DESATIVADO,إغلاق,Вимкнено
Reset Picture,回復影像設定,恢复影像设定,Bild zurücksetzen,Сбросить настройки,Réinitialiser image,画像設定リセット,이미지 설정 되돌리기,Restaurar imagen,Repor definições de imagem,إعادة ضبط الصورة,Скинути налаштування
Yes,是,是,Ja,Да,Oui,はい,예,Sí,Sim,نعم,Так
No,否,否,Nein,Нет,Non,いいえ,아니요,No,Não,لا,Ні
Black Equalizer,黑平衡,黑平衡,Schwarzausgleich,Баланс черного,Égaliseur de noir,Black Equalizer,블랙 이퀄라이저,Ecualizador negro,Black Equalizer,إزالة الظل,Еквалазер чорного
Aim Stabilizer Sync,穩定瞄準功能Sync,稳定瞄准功能Sync,Zielstabilisator Sync,Aim Stabilizer Sync,Stabilisateur visée Sync,照準安定器Sync,에임 스테빌라이저 Sync,Aim Stabilizer Sync,Aim Stabilizer Sync,مثبت التصويب Sync,Aim Stabilizer Sync
ON,開啟,开启,Ein,ВКЛ.,MARCHE,オン,ON,Encendido,ATIVADO,تشغيل,Увімкнено
OFF,關閉,关闭,Aus,ВЫКЛ.,ARRÊT,オフ,OFF,Apagado,DESATIVADO,إغلاق,Вимкнено
Overdrive,反應時間,反应时间,Übersteuern,Увеличить масштаб,Surmultiplication,オーバードライブ,오버드라이브,Sobrecarga,Tempo de resposta,زمن الاستجابة للحركة,Overdrive
OFF,關閉,关闭,Aus,ВЫКЛ.,ARRÊT,オフ,OFF,Apagado,DESATIVADO,إغلاق,Вимкнено
Smart OD,智慧OD,智能OD,Intelligente OD,Режим Smart OD,Smart OD,スマートOD,스마트 오버드라이브,OD inteligente,OD inteligente,زمن الاستجابة الذكى,Smart OD
Picture quality,,,,,,,,,,,
Balance,平衡,平衡,Balance,Баланс,Balance,バランス,밸런스,Balance,Equilíbrio,التوازن,Баланс
Speed,速度優先,速度优先,Geschwindigkeit,Скорость,Vitesse,速度優先,속도 ,Velocidad,Velocidade,السرعة,Швидкість
Super Resolution,超級解析度,超级分辨率,Hohe Auflösung,Сверхвысокое разрешение ,Super résolution,超解像度,초고해상도,Súper resolución,Super resolução,وضوح فائق,Super Resolution
Game,遊戲模式,游戏模式,Game,Игра,Jeu,ゲーム,게임,Juego,Jogos,الألعاب,Game
Brightness,亮度,亮度,Helligkeit,Яркость,Luminosité,輝度,밝기,Brillo,Brilho,السطوع,Яскравість
Contrast,對比,对比,Kontrast,Контрастность,Contraste,コントラスト,대비,Contraste,Contraste,التباين,Контраст
Color Vibrance,色彩自然飽和度,色彩自然饱和度,Sättigung,Насыщенность,Vibrance Couleur,彩度,컬러 바이브런스,Intensidad Color,Vibração da cor,حيوية اللون,Насиченiсть
Sharpness,銳利度,锐利度,Schärfe,Резкость,Netteté,シャープネス,선명도,Nitidez,Nitidez,الدقة,Рiзкiсть
Gamma,Gamma,Gamma,Gamma,Гамма,Gamma,ガンマ,Gamma,Gamma,Gama,جاما,Гамма
OFF,關閉,关闭,Aus,ВЫКЛ.,ARRÊT,オフ,OFF,Apagado,DESATIVADO,إغلاق,Вимкнено
Gamma 1,Gamma 1,Gamma 1,Gamma 1,Гамма 1,Gamma 1,ガンマ 1,Gamma 1,Gamma 1,Gama 1,جاما 1,Гамма 1
Gamma 2,Gamma 2,Gamma 2,Gamma 2,Гамма 2,Gamma 2,ガンマ 2,Gamma 2,Gamma 2,Gama 2,جاما 2,Гамма 2
Gamma 3,Gamma 3,Gamma 3,Gamma 3,Гамма 3,Gamma 3,ガンマ 3,Gamma 3,Gamma 3,Gama 3,جاما 3,Гамма 3
Gamma 4,Gamma 4,Gamma 4,Gamma 4,Гамма 4,Gamma 4,ガンマ 4,Gamma 4,Gamma 4,Gama 4,جاما 4,Гамма 4
Gamma 5,Gamma 5,Gamma 5,Gamma 5,Гамма 5,Gamma 5,ガンマ 5,Gamma 5,Gamma 5,Gama 5,جاما 5,Гамма 5
Color Temperature,色溫,色温,Farbtemperatur,Цветовая температура,Température couleur,色温度,색 온도,Temperatura del color,Temperatura da cor,درجة حرارة اللون,Температура кольору
Cool,冷色調,冷色调,Kühl,Холодная,Froid,寒色,차가운 색상,Frio,Fria,بارد,Холодний
Natural,自然色,自然色,Natürlich,Естественный,Naturel,自然,자연스러운,Natural,Natural,طبيعي,Природній
Normal,標準,标准,Normal,Нормальная,Normal,通常,표준,Normal,Normal,عادى,Нормальний
Warm,暖色調,暖色调,Warm,Теплая,Chaud,暖色,따뜻한 색상,Cálido,Quente,دافىء,Теплий
User Define,使用者自訂,用户自定,Benutzerdefiniert,User Define,Défini par l'utilisateur,ユーザー定義,사용자 정의,Definir por el usuario,Definido pelo utilizador,يحددها المستخدم,User Define
R,紅,红,R,Канал R,R,R,R,Rojo,R,أحمر,R
G,綠,绿,G,Канал G,V,G,G,Verde,G,أخضر,G
B,藍,蓝,B,Канал B,B,B,B,Azul,B,أزرق,B
Low Blue Light,低藍光,低蓝光,Blaufilter,Фильтрация синего,Faible lumière bleue,ブルーライト低減,로우 블루라이트,Luz azul de baja intensidad,Luz azul reduzida,ضوء أزرق خفيف,Фільтр синього
DCR,DCR,DCR,DCR,DCR,DCR,DCR,DCR,DCR,DCR,DCR,DCR
ON,開啟,开启,Ein,ВКЛ.,MARCHE,オン,ON,Encendido,ATIVADO,تشغيل,Увімкнено
OFF,關閉,关闭,Aus,ВЫКЛ.,ARRÊT,オフ,OFF,Apagado,DESATIVADO,إغلاق,Вимкнено
Reset Picture,回復影像設定,恢复影像设定,Bild zurücksetzen,Сбросить настройки,Réinitialiser image,画像設定リセット,이미지 설정 되돌리기,Restaurar imagen,Repor definições de imagem,إعادة ضبط الصورة,Скинути налаштування
Yes,是,是,Ja,Да,Oui,はい,예,Sí,Sim,نعم,Так
No,否,否,Nein,Нет,Non,いいえ,아니요,No,Não,لا,Ні
Black Equalizer,黑平衡,黑平衡,Schwarzausgleich,Баланс черного,Égaliseur de noir,Black Equalizer,블랙 이퀄라이저,Ecualizador negro,Black Equalizer,إزالة الظل,Еквалайзер чорного
Aim Stabilizer Sync,穩定瞄準功能Sync,稳定瞄准功能Sync,Zielstabilisator Sync,Aim Stabilizer Sync,Stabilisateur visée Sync,照準安定器Sync,에임 스테빌라이저 Sync,Aim Stabilizer Sync,Aim Stabilizer Sync,مثبت التصويب Sync,Aim Stabilizer Sync
ON,開啟,开启,Ein,ВКЛ.,MARCHE,オン,ON,Encendido,ATIVADO,تشغيل,Увімкнено
OFF,關閉,关闭,Aus,ВЫКЛ.,ARRÊT,オフ,OFF,Apagado,DESATIVADO,إغلاق,Вимкнено
Overdrive,反應時間,反应时间,Übersteuern,Увеличить масштаб,Surmultiplication,オーバードライブ,오버드라이브,Sobrecarga,Tempo de resposta,زمن الاستجابة للحركة,Overdrive
OFF,關閉,关闭,Aus,ВЫКЛ.,ARRÊT,オフ,OFF,Apagado,DESATIVADO,إغلاق,Вимкнено
Smart OD,智慧OD,智能OD,Intelligente OD,Режим Smart OD,Smart OD,スマートOD,스마트 오버드라이브,OD inteligente,OD inteligente,زمن الاستجابة الذكى,Smart OD
Picture quality,,,,,,,,,,,
Balance,平衡,平衡,Balance,Баланс,Balance,バランス,밸런스,Balance,Equilíbrio,التوازن,Баланс
Speed,速度優先,速度优先,Geschwindigkeit,Скорость,Vitesse,速度優先,속도 ,Velocidad,Velocidade,السرعة,Швидкість
Super Resolution,超級解析度,超级分辨率,Hohe Auflösung,Сверхвысокое разрешение ,Super résolution,超解像度,초고해상도,Súper resolución,Super resolução,وضوح فائق,Super Resolution
Movie,電影模式,电影模式,Film,Фильмы,Film,映画,영화,Modo cine,Filme,أفلام,Фільми
Brightness,亮度,亮度,Helligkeit,Яркость,Luminosité,輝度,밝기,Brillo,Brilho,السطوع,Яскравість
Contrast,對比,对比,Kontrast,Контрастность,Contraste,コントラスト,대비,Contraste,Contraste,التباين,Контраст
Color Vibrance,色彩自然飽和度,色彩自然饱和度,Sättigung,Насыщенность,Vibrance Couleur,彩度,컬러 바이브런스,Intensidad Color,Vibração da cor,حيوية اللون,Насиченiсть
Sharpness,銳利度,锐利度,Schärfe,Резкость,Netteté,シャープネス,선명도,Nitidez,Nitidez,الدقة,Рiзкiсть
Gamma,Gamma,Gamma,Gamma,Гамма,Gamma,ガンマ,Gamma,Gamma,Gama,جاما,Гамма
OFF,關閉,关闭,Aus,ВЫКЛ.,ARRÊT,オフ,OFF,Apagado,DESATIVADO,إغلاق,
Gamma 1,Gamma 1,Gamma 1,Gamma 1,Гамма 1,Gamma 1,ガンマ 1,Gamma 1,Gamma 1,Gama 1,جاما 1,Гамма 1
Gamma 2,Gamma 2,Gamma 2,Gamma 2,Гамма 2,Gamma 2,ガンマ 2,Gamma 2,Gamma 2,Gama 2,جاما 2,Гамма 2
Gamma 3,Gamma 3,Gamma 3,Gamma 3,Гамма 3,Gamma 3,ガンマ 3,Gamma 3,Gamma 3,Gama 3,جاما 3,Гамма 3
Gamma 4,Gamma 4,Gamma 4,Gamma 4,Гамма 4,Gamma 4,ガンマ 4,Gamma 4,Gamma 4,Gama 4,جاما 4,Гамма 4
Gamma 5,Gamma 5,Gamma 5,Gamma 5,Гамма 5,Gamma 5,ガンマ 5,Gamma 5,Gamma 5,Gama 5,جاما 5,Гамма 5
Color Temperature,色溫,色温,Farbtemperatur,Цветовая температура,Température couleur,色温度,색 온도,Temperatura del color,Temperatura da cor,درجة حرارة اللون,Температура кольору
Cool,冷色調,冷色调,Kühl,Холодная,Froid,寒色,차가운 색상,Frio,Fria,بارد,Холодний
Natural,自然色,自然色,Natürlich,Естественный,Naturel,自然,자연스러운,Natural,Natural,طبيعي,Природній
Normal,標準,标准,Normal,Нормальная,Normal,通常,표준,Normal,Normal,عادى,Нормальний
Warm,暖色調,暖色调,Warm,Теплая,Chaud,暖色,따뜻한 색상,Cálido,Quente,دافىء,Теплий
User Define,使用者自訂,用户自定,Benutzerdefiniert,User Define,Défini par l'utilisateur,ユーザー定義,사용자 정의,Definir por el usuario,Definido pelo utilizador,يحددها المستخدم,User Define
R,紅,红,R,Канал R,R,R,R,Rojo,R,أحمر,R
G,綠,绿,G,Канал G,V,G,G,Verde,G,أخضر,G
B,藍,蓝,B,Канал B,B,B,B,Azul,B,أزرق,B
Low Blue Light,低藍光,低蓝光,Blaufilter,Фильтрация синего,Faible lumière bleue,ブルーライト低減,로우 블루라이트,Luz azul de baja intensidad,Luz azul reduzida,ضوء أزرق خفيف,Фільтр синього
DCR,DCR,DCR,DCR,DCR,DCR,DCR,DCR,DCR,DCR,DCR,DCR
ON,開啟,开启,Ein,ВКЛ. ,MARCHE,オン,ON,Encendido,ATIVADO,تشغيل,Увімкнено
OFF,關閉,关闭,Aus,ВЫКЛ.,ARRÊT,オフ,OFF,Apagado,DESATIVADO,إغلاق,Вимкнено
Reset Picture,回復影像設定,恢复影像设定,Bild zurücksetzen,Сбросить настройки,Réinitialiser image,画像設定リセット,이미지 설정 되돌리기,Restaurar imagen,Repor definições de imagem,إعادة ضبط الصورة,Скинути налаштування
Yes,是,是,Ja,Да,Oui,はい,예,Sí,Sim,نعم,Так
No,否,否,Nein,Нет,Non,いいえ,아니요,No,Não,لا,Ні
Black Equalizer,黑平衡,黑平衡,Schwarzausgleich,Баланс черного,Égaliseur de noir,Black Equalizer,블랙 이퀄라이저,Ecualizador negro,Black Equalizer,إزالة الظل,Баланс чорного
Aim Stabilizer Sync,穩定瞄準功能Sync,稳定瞄准功能Sync,Zielstabilisator Sync,Aim Stabilizer Sync,Stabilisateur visée Sync,照準安定器Sync,에임 스테빌라이저 Sync,Aim Stabilizer Sync,Aim Stabilizer Sync,مثبت التصويب Sync,Aim Stabilizer Sync
ON,開啟,开启,Ein,ВКЛ. ,MARCHE,オン,ON,Encendido,ATIVADO,تشغيل,Увімкнено
OFF,關閉,关闭,Aus,ВЫКЛ.,ARRÊT,オフ,OFF,Apagado,DESATIVADO,إغلاق,Вимкнено
Overdrive,反應時間,反应时间,Übersteuern,Увеличить масштаб,Surmultiplication,オーバードライブ,오버드라이브,Sobrecarga,Tempo de resposta,زمن الاستجابة للحركة,Overdrive
OFF,關閉,关闭,Aus,ВЫКЛ.,ARRÊT,オフ,OFF,Apagado,DESATIVADO,إغلاق,Вимкнено
Smart OD,智慧OD,智能OD,Intelligente OD,Режим Smart OD,Smart OD,スマートOD,스마트 오버드라이브,OD inteligente,OD inteligente,زمن الاستجابة الذكى,Smart OD
Picture quality,,,,,,,,,,,
Balance,平衡,平衡,Balance,Баланс,Balance,バランス,밸런스,Balance,Equilíbrio,التوازن,Баланс
Speed,速度優先,速度优先,Geschwindigkeit,Скорость,Vitesse,速度優先,속도 ,Velocidad,Velocidade,السرعة,Швидкість
Super Resolution,超級解析度,超级分辨率,Hohe Auflösung,Сверхвысокое разрешение ,Super résolution,超解像度,초고해상도,Súper resolución,Super resolução,وضوح فائق,Super Resolution
Reader,閱讀模式,阅读模式,Lesegerät,Чтение,Lecture,リーダー,읽기,Modo lector,Leitura,قراءة,Читання
Brightness,亮度,亮度,Helligkeit,Яркость,Luminosité,輝度,밝기,Brillo,Brilho,السطوع,Яскравість
Contrast,對比,对比,Kontrast,Контрастность,Contraste,コントラスト,대비,Contraste,Contraste,التباين,Контраст
Color Vibrance,色彩自然飽和度,色彩自然饱和度,Sättigung,Насыщенность,Vibrance Couleur,彩度,컬러 바이브런스,Intensidad Color,Vibração da cor,حيوية اللون,Насиченiсть
Sharpness,銳利度,锐利度,Schärfe,Резкость,Netteté,シャープネス,선명도,Nitidez,Nitidez,الدقة,Рiзкiсть
Gamma,Gamma,Gamma,Gamma,Гамма,Gamma,ガンマ,Gamma,Gamma,Gama,جاما,Гамма
OFF,關閉,关闭,Aus,ВЫКЛ.,ARRÊT,オフ,OFF,Apagado,DESATIVADO,إغلاق,Вимкнено
Gamma 1,Gamma 1,Gamma 1,Gamma 1,Гамма 1,Gamma 1,ガンマ 1,Gamma 1,Gamma 1,Gama 1,جاما 1,Гамма 1
Gamma 2,Gamma 2,Gamma 2,Gamma 2,Гамма 2,Gamma 2,ガンマ 2,Gamma 2,Gamma 2,Gama 2,جاما 2,Гамма 2
Gamma 3,Gamma 3,Gamma 3,Gamma 3,Гамма 3,Gamma 3,ガンマ 3,Gamma 3,Gamma 3,Gama 3,جاما 3,Гамма 3
Gamma 4,Gamma 4,Gamma 4,Gamma 4,Гамма 4,Gamma 4,ガンマ 4,Gamma 4,Gamma 4,Gama 4,جاما 4,Гамма 4
Gamma 5,Gamma 5,Gamma 5,Gamma 5,Гамма 5,Gamma 5,ガンマ 5,Gamma 5,Gamma 5,Gama 5,جاما 5,Гамма 5
Color Temperature,色溫,色温,Farbtemperatur,Цветовая температура,Température couleur,色温度,색 온도,Temperatura del color,Temperatura da cor,درجة حرارة اللون,Температура кольору
Cool,冷色調,冷色调,Kühl,Холодная,Froid,寒色,차가운 색상,Frio,Fria,بارد,Холодний
Natural,自然色,自然色,Natürlich,Естественный,Naturel,自然,자연스러운,Natural,Natural,طبيعي,Природній
Normal,標準,标准,Normal,Нормальная,Normal,通常,표준,Normal,Normal,عادى,Нормальний
Warm,暖色調,暖色调,Warm,Теплая,Chaud,暖色,따뜻한 색상,Cálido,Quente,دافىء,Теплий
User Define,使用者自訂,用户自定,Benutzerdefiniert,User Define,Défini par l'utilisateur,ユーザー定義,사용자 정의,Definir por el usuario,Definido pelo utilizador,يحددها المستخدم,User Define
R,紅,红,R,Канал R,R,R,R,Rojo,R,أحمر,R
G,綠,绿,G,Канал G,V,G,G,Verde,G,أخضر,G
B,藍,蓝,B,Канал B,B,B,B,Azul,B,أزرق,B
Low Blue Light,低藍光,低蓝光,Blaufilter,Фильтрация синего,Faible lumière bleue,ブルーライト低減,로우 블루라이트,Luz azul de baja intensidad,Luz azul reduzida,ضوء أزرق خفيف,Фільтр синього
DCR,DCR,DCR,DCR,DCR,DCR,DCR,DCR,DCR,DCR,DCR,DCR
ON,開啟,开启,Ein,ВКЛ. ,MARCHE,オン,ON,Encendido,ATIVADO,تشغيل,
OFF,關閉,关闭,Aus,ВЫКЛ.,ARRÊT,オフ,OFF,Apagado,DESATIVADO,إغلاق,Вимкнено
Reset Picture,回復影像設定,恢复影像设定,Bild zurücksetzen,Сбросить настройки,Réinitialiser image,画像設定リセット,이미지 설정 되돌리기,Restaurar imagen,Repor definições de imagem,إعادة ضبط الصورة,Скинути налаштування
Yes,是,是,Ja,Да,Oui,はい,예,Sí,Sim,نعم,Так
No,否,否,Nein,Нет,Non,いいえ,아니요,No,Não,لا,Ні
Black Equalizer,黑平衡,黑平衡,Schwarzausgleich,Баланс черного,Égaliseur de noir,Black Equalizer,블랙 이퀄라이저,Ecualizador negro,Black Equalizer,إزالة الظل,Баланс чорного
Aim Stabilizer Sync,穩定瞄準功能Sync,稳定瞄准功能Sync,Zielstabilisator Sync,Aim Stabilizer Sync,Stabilisateur visée Sync,照準安定器Sync,에임 스테빌라이저 Sync,Aim Stabilizer Sync,Aim Stabilizer Sync,مثبت التصويب Sync,Aim Stabilizer Sync
ON,開啟,开启,Ein,ВКЛ.,MARCHE,オン,ON,Encendido,ATIVADO,تشغيل,Увімкнено
OFF,關閉,关闭,Aus,ВЫКЛ.,ARRÊT,オフ,OFF,Apagado,DESATIVADO,إغلاق,Вимкнено
Overdrive,反應時間,反应时间,Übersteuern,Увеличить масштаб,Surmultiplication,オーバードライブ,오버드라이브,Sobrecarga,Tempo de resposta,زمن الاستجابة للحركة,Overdrive
OFF,關閉,关闭,Aus,ВЫКЛ.,ARRÊT,オフ,OFF,Apagado,DESATIVADO,إغلاق,Вимкнено
Smart OD,智慧OD,智能OD,Intelligente OD,Режим Smart OD,Smart OD,スマートOD,스마트 오버드라이브,OD inteligente,OD inteligente,زمن الاستجابة الذكى,Smart OD
Picture quality,,,,,,,,,,,
Balance,平衡,平衡,Balance,Баланс,Balance,バランス,밸런스,Balance,Equilíbrio,التوازن,Баланс
Speed,速度優先,速度优先,Geschwindigkeit,Скорость,Vitesse,速度優先,속도 ,Velocidad,Velocidade,السرعة,Швидкість
Super Resolution,超級解析度,超级分辨率,Hohe Auflösung,Сверхвысокое разрешение ,Super résolution,超解像度,초고해상도,Súper resolución,Super resolução,وضوح فائق,Super Resolution
sRGB,sRGB,sRGB,sRGB,sRGB,sRGB,sRGB,sRGB,sRGB,sRGB,sRGB,sRGB
Brightness,亮度,亮度,Helligkeit,Яркость,Luminosité,輝度,밝기,Brillo,Brilho,السطوع,Яскравість
Contrast,對比,对比,Kontrast,Контрастность,Contraste,コントラスト,대비,Contraste,Contraste,التباين,Контраст
Color Vibrance,色彩自然飽和度,色彩自然饱和度,Sättigung,Насыщенность,Vibrance Couleur,彩度,컬러 바이브런스,Intensidad Color,Vibração da cor,حيوية اللون,Насиченiсть
Sharpness,銳利度,锐利度,Schärfe,Резкость,Netteté,シャープネス,선명도,Nitidez,Nitidez,الدقة,Рiзкiсть
Gamma,Gamma,Gamma,Gamma,Гамма,Gamma,ガンマ,Gamma,Gamma,Gama,جاما,Гамма
OFF,關閉,关闭,Aus,ВЫКЛ.,ARRÊT,オフ,OFF,Apagado,DESATIVADO,إغلاق,Вимкнено
Gamma 1,Gamma 1,Gamma 1,Gamma 1,Гамма 1,Gamma 1,ガンマ 1,Gamma 1,Gamma 1,Gama 1,جاما 1,Гамма 1
Gamma 2,Gamma 2,Gamma 2,Gamma 2,Гамма 2,Gamma 2,ガンマ 2,Gamma 2,Gamma 2,Gama 2,جاما 2,Гамма 2
Gamma 3,Gamma 3,Gamma 3,Gamma 3,Гамма 3,Gamma 3,ガンマ 3,Gamma 3,Gamma 3,Gama 3,جاما 3,Гамма 3
Gamma 4,Gamma 4,Gamma 4,Gamma 4,Гамма 4,Gamma 4,ガンマ 4,Gamma 4,Gamma 4,Gama 4,جاما 4,Гамма 4
Gamma 5,Gamma 5,Gamma 5,Gamma 5,Гамма 5,Gamma 5,ガンマ 5,Gamma 5,Gamma 5,Gama 5,جاما 5,Гамма 5
Color Temperature,色溫,色温,Farbtemperatur,Цветовая температура,Température couleur,色温度,색 온도,Temperatura del color,Temperatura da cor,درجة حرارة اللون,Температура кольору
Cool,冷色調,冷色调,Kühl,Холодная,Froid,寒色,차가운 색상,Frio,Fria,بارد,Холодний
Natural,自然色,自然色,Natürlich,Естественный,Naturel,自然,자연스러운,Natural,Natural,طبيعي,Природній
Normal,標準,标准,Normal,Нормальная,Normal,通常,표준,Normal,Normal,عادى,Нормальний
Warm,暖色調,暖色调,Warm,Теплая,Chaud,暖色,따뜻한 색상,Cálido,Quente,دافىء,Теплий
User Define,使用者自訂,用户自定,Benutzerdefiniert,User Define,Défini par l'utilisateur,ユーザー定義,사용자 정의,Definir por el usuario,Definido pelo utilizador,يحددها المستخدم,User Define
R,紅,红,R,Канал R,R,R,R,Rojo,R,أحمر,R
G,綠,绿,G,Канал G,V,G,G,Verde,G,أخضر,G
B,藍,蓝,B,Канал B,B,B,B,Azul,B,أزرق,B
Low Blue Light,低藍光,低蓝光,Blaufilter,Фильтрация синего,Faible lumière bleue,ブルーライト低減,로우 블루라이트,Luz azul de baja intensidad,Luz azul reduzida,ضوء أزرق خفيف,Фільтр синього
DCR,DCR,DCR,DCR,DCR,DCR,DCR,DCR,DCR,DCR,DCR,DCR
ON,開啟,开启,Ein,ВКЛ.,MARCHE,オン,ON,Encendido,ATIVADO,تشغيل,Увімкнено
OFF,關閉,关闭,Aus,ВЫКЛ.,ARRÊT,オフ,OFF,Apagado,DESATIVADO,إغلاق,Вимкнено
Reset Picture,回復影像設定,恢复影像设定,Bild zurücksetzen,Сбросить настройки,Réinitialiser image,画像設定リセット,이미지 설정 되돌리기,Restaurar imagen,Repor definições de imagem,إعادة ضبط الصورة,Скинути налаштування
Yes,是,是,Ja,Да,Oui,はい,예,Sí,Sim,نعم,Так
No,否,否,Nein,Нет,Non,いいえ,아니요,No,Não,لا,Ні
Black Equalizer,黑平衡,黑平衡,Schwarzausgleich,Баланс черного,Égaliseur de noir,Black Equalizer,블랙 이퀄라이저,Ecualizador negro,Black Equalizer,إزالة الظل,Баланс чорного
Aim Stabilizer Sync,穩定瞄準功能Sync,稳定瞄准功能Sync,Zielstabilisator Sync,Aim Stabilizer Sync,Stabilisateur visée Sync,照準安定器Sync,에임 스테빌라이저 Sync,Aim Stabilizer Sync,Aim Stabilizer Sync,مثبت التصويب Sync,Aim Stabilizer Sync
ON,開啟,开启,Ein,ВКЛ.,MARCHE,オン,ON,Encendido,ATIVADO,تشغيل,Увімкнено
OFF,關閉,关闭,Aus,ВЫКЛ.,ARRÊT,オフ,OFF,Apagado,DESATIVADO,إغلاق,Вимкнено
Overdrive,反應時間,反应时间,Übersteuern,Увеличить масштаб,Surmultiplication,オーバードライブ,오버드라이브,Sobrecarga,Tempo de resposta,زمن الاستجابة للحركة,Overdrive
OFF,關閉,关闭,Aus,ВЫКЛ.,ARRÊT,オフ,OFF,Apagado,DESATIVADO,إغلاق,Вимкнено
Smart OD,智慧OD,智能OD,Intelligente OD,Режим Smart OD,Smart OD,スマートOD,스마트 오버드라이브,OD inteligente,OD inteligente,زمن الاستجابة الذكى,Smart OD
Picture quality,,,,,,,,,,,
Balance,平衡,平衡,Balance,Баланс,Balance,バランス,밸런스,Balance,Equilíbrio,التوازن,Баланс
Speed,速度優先,速度优先,Geschwindigkeit,Скорость,Vitesse,速度優先,속도 ,Velocidad,Velocidade,السرعة,Швидкість
Super Resolution,超級解析度,超级分辨率,Hohe Auflösung,Сверхвысокое разрешение ,Super résolution,超解像度,초고해상도,Súper resolución,Super resolução,وضوح فائق,Super Resolution
Custom,使用者模式,用户模式,Benutzerdefiniert,Режим,Personnalisé,カスタム,사용자 모드,Personalizado,Personalizado,تخصيص,Режим
Brightness,亮度,亮度,Helligkeit,Яркость,Luminosité,輝度,밝기,Brillo,Brilho,السطوع,Яскравість
Contrast,對比,对比,Kontrast,Контрастность,Contraste,コントラスト,대비,Contraste,Contraste,التباين,Контраст
Color Vibrance,色彩自然飽和度,色彩自然饱和度,Sättigung,Насыщенность,Vibrance Couleur,彩度,컬러 바이브런스,Intensidad Color,Vibração da cor,حيوية اللون,Насиченiсть
Sharpness,銳利度,锐利度,Schärfe,Резкость,Netteté,シャープネス,선명도,Nitidez,Nitidez,الدقة,Рiзкiсть
Gamma,Gamma,Gamma,Gamma,Гамма,Gamma,ガンマ,Gamma,Gamma,Gama,جاما,Гамма
OFF,關閉,关闭,Aus,ВЫКЛ.,ARRÊT,オフ,OFF,Apagado,DESATIVADO,إغلاق,Вимкнено
Gamma 1,Gamma 1,Gamma 1,Gamma 1,Гамма 1,Gamma 1,ガンマ 1,Gamma 1,Gamma 1,Gama 1,جاما 1,Гамма 1
Gamma 2,Gamma 2,Gamma 2,Gamma 2,Гамма 2,Gamma 2,ガンマ 2,Gamma 2,Gamma 2,Gama 2,جاما 2,Гамма 2
Gamma 3,Gamma 3,Gamma 3,Gamma 3,Гамма 3,Gamma 3,ガンマ 3,Gamma 3,Gamma 3,Gama 3,جاما 3,Гамма 3
Gamma 4,Gamma 4,Gamma 4,Gamma 4,Гамма 4,Gamma 4,ガンマ 4,Gamma 4,Gamma 4,Gama 4,جاما 4,Гамма 4
Gamma 5,Gamma 5,Gamma 5,Gamma 5,Гамма 5,Gamma 5,ガンマ 5,Gamma 5,Gamma 5,Gama 5,جاما 5,Гамма 5
Color Temperature,色溫,色温,Farbtemperatur,Цветовая температура,Température couleur,色温度,색 온도,Temperatura del color,Temperatura da cor,درجة حرارة اللون,Температура кольору
Cool,冷色調,冷色调,Kühl,Холодная,Froid,寒色,차가운 색상,Frio,Fria,بارد,Холодний
Natural,自然色,自然色,Natürlich,Естественный,Naturel,自然,자연스러운,Natural,Natural,طبيعي,Природній
Normal,標準,标准,Normal,Нормальная,Normal,通常,표준,Normal,Normal,عادى,Нормальний
Warm,暖色調,暖色调,Warm,Теплая,Chaud,暖色,따뜻한 색상,Cálido,Quente,دافىء,Теплий
User Define,使用者自訂,用户自定,Benutzerdefiniert,User Define,Défini par l'utilisateur,ユーザー定義,사용자 정의,Definir por el usuario,Definido pelo utilizador,يحددها المستخدم,User Define
R,紅,红,R,Канал R,R,R,R,Rojo,R,أحمر,R
G,綠,绿,G,Канал G,V,G,G,Verde,G,أخضر,G
B,藍,蓝,B,Канал B,B,B,B,Azul,B,أزرق,B
Low Blue Light,低藍光,低蓝光,Blaufilter,Фильтрация синего,Faible lumière bleue,ブルーライト低減,로우 블루라이트,Luz azul de baja intensidad,Luz azul reduzida,ضوء أزرق خفيف,Фільтр синього
DCR,DCR,DCR,DCR,DCR,DCR,DCR,DCR,DCR,DCR,DCR,DCR
ON,開啟,开启,Ein,ВКЛ.,MARCHE,オン,ON,Encendido,ATIVADO,تشغيل,Увімкнено
OFF,關閉,关闭,Aus,ВЫКЛ.,ARRÊT,オフ,OFF,Apagado,DESATIVADO,إغلاق,Вимкнено
Reset Picture,回復影像設定,恢复影像设定,Bild zurücksetzen,Сбросить настройки,Réinitialiser image,画像設定リセット,이미지 설정 되돌리기,Restaurar imagen,Repor definições de imagem,إعادة ضبط الصورة,Скинути налаштування
Yes,是,是,Ja,Да,Oui,はい,예,Sí,Sim,نعم,Так
No,否,否,Nein,Нет,Non,いいえ,아니요,No,Não,لا,Ні
Black Equalizer,黑平衡,黑平衡,Schwarzausgleich,Баланс черного,Égaliseur de noir,Black Equalizer,블랙 이퀄라이저,Ecualizador negro,Black Equalizer,إزالة الظل,Баланс чорного
Aim Stabilizer Sync,穩定瞄準功能Sync,稳定瞄准功能Sync,Zielstabilisator Sync,Aim Stabilizer Sync,Stabilisateur visée Sync,照準安定器Sync,에임 스테빌라이저 Sync,Aim Stabilizer Sync,Aim Stabilizer Sync,مثبت التصويب Sync,Aim Stabilizer Sync
ON,開啟,开启,Ein,ВКЛ.,MARCHE,オン,ON,Encendido,ATIVADO,تشغيل,Увімкнено
OFF,關閉,关闭,Aus,ВЫКЛ.,ARRÊT,オフ,OFF,Apagado,DESATIVADO,إغلاق,Вимкнено
Overdrive,反應時間,反应时间,Übersteuern,Увеличить масштаб,Surmultiplication,オーバードライブ,오버드라이브,Sobrecarga,Tempo de resposta,زمن الاستجابة للحركة,Overdrive
OFF,關閉,关闭,Aus,ВЫКЛ.,ARRÊT,オフ,OFF,Apagado,DESATIVADO,إغلاق,Вимкнено
Smart OD,智慧OD,智能OD,Intelligente OD,Режим Smart OD,Smart OD,スマートOD,스마트 오버드라이브,OD inteligente,OD inteligente,زمن الاستجابة الذكى,Smart OD
Picture quality,,,,,,,,,,,
Balance,平衡,平衡,Balance,Баланс,Balance,バランス,밸런스,Balance,Equilíbrio,التوازن,Баланс
Speed,速度優先,速度优先,Geschwindigkeit,Скорость,Vitesse,速度優先,속도 ,Velocidad,Velocidade,السرعة,Швидкість
Super Resolution,超級解析度,超级分辨率,Hohe Auflösung,Сверхвысокое разрешение ,Super résolution,超解像度,초고해상도,Súper resolución,Super resolução,وضوح فائق,Super Resolution
ECO,ECO,ECO,ECO,ECO,ECO,ECO,ECO,ECO,ECO,ECO,ECO
Brightness,亮度,亮度,Helligkeit,Яркость,Luminosité,輝度,밝기,Brillo,Brilho,السطوع,Яскравість
Contrast,對比,对比,Kontrast,Контрастность,Contraste,コントラスト,대비,Contraste,Contraste,التباين,Контраст
Color Vibrance,色彩自然飽和度,色彩自然饱和度,Sättigung,Насыщенность,Vibrance Couleur,彩度,컬러 바이브런스,Intensidad Color,Vibração da cor,حيوية اللون,Насиченiсть
Sharpness,銳利度,锐利度,Schärfe,Резкость,Netteté,シャープネス,선명도,Nitidez,Nitidez,الدقة,Рiзкiсть
Gamma,Gamma,Gamma,Gamma,Гамма,Gamma,ガンマ,Gamma,Gamma,Gama,جاما,Гамма
OFF,關閉,关闭,Aus,ВЫКЛ.,ARRÊT,オフ,OFF,Apagado,DESATIVADO,إغلاق,Вимкнено
Gamma 1,Gamma 1,Gamma 1,Gamma 1,Гамма 1,Gamma 1,ガンマ 1,Gamma 1,Gamma 1,Gama 1,جاما 1,Гамма 1
Gamma 2,Gamma 2,Gamma 2,Gamma 2,Гамма 2,Gamma 2,ガンマ 2,Gamma 2,Gamma 2,Gama 2,جاما 2,Гамма 2
Gamma 3,Gamma 3,Gamma 3,Gamma 3,Гамма 3,Gamma 3,ガンマ 3,Gamma 3,Gamma 3,Gama 3,جاما 3,Гамма 3
Gamma 4,Gamma 4,Gamma 4,Gamma 4,Гамма 4,Gamma 4,ガンマ 4,Gamma 4,Gamma 4,Gama 4,جاما 4,Гамма 4
Gamma 5,Gamma 5,Gamma 5,Gamma 5,Гамма 5,Gamma 5,ガンマ 5,Gamma 5,Gamma 5,Gama 5,جاما 5,Гамма 5
Color Temperature,色溫,色温,Farbtemperatur,Цветовая температура,Température couleur,色温度,색 온도,Temperatura del color,Temperatura da cor,درجة حرارة اللون,Температура кольору
Cool,冷色調,冷色调,Kühl,Холодная,Froid,寒色,차가운 색상,Frio,Fria,بارد,Холодний
Natural,自然色,自然色,Natürlich,Естественный,Naturel,自然,자연스러운,Natural,Natural,طبيعي,Природній
Normal,標準,标准,Normal,Нормальная,Normal,通常,표준,Normal,Normal,عادى,Нормальний
Warm,暖色調,暖色调,Warm,Теплая,Chaud,暖色,따뜻한 색상,Cálido,Quente,دافىء,Теплий
User Define,使用者自訂,用户自定,Benutzerdefiniert,User Define,Défini par l'utilisateur,ユーザー定義,사용자 정의,Definir por el usuario,Definido pelo utilizador,يحددها المستخدم,User Define
R,紅,红,R,Канал R,R,R,R,Rojo,R,أحمر,R
G,綠,绿,G,Канал G,V,G,G,Verde,G,أخضر,G
B,藍,蓝,B,Канал B,B,B,B,Azul,B,أزرق,B
Low Blue Light,低藍光,低蓝光,Blaufilter,Фильтрация синего,Faible lumière bleue,ブルーライト低減,로우 블루라이트,Luz azul de baja intensidad,Luz azul reduzida,ضوء أزرق خفيف,Фільтр синього
DCR,DCR,DCR,DCR,DCR,DCR,DCR,DCR,DCR,DCR,DCR,DCR
ON,開啟,开启,Ein,ВКЛ.,MARCHE,オン,ON,Encendido,ATIVADO,تشغيل,Увімкнено
OFF,關閉,关闭,Aus,ВЫКЛ.,ARRÊT,オフ,OFF,Apagado,DESATIVADO,إغلاق,Вимкнено
Reset Picture,回復影像設定,恢复影像设定,Bild zurücksetzen,Сбросить настройки,Réinitialiser image,画像設定リセット,이미지 설정 되돌리기,Restaurar imagen,Repor definições de imagem,إعادة ضبط الصورة,Скинути налаштування
Yes,是,是,Ja,Да,Oui,はい,예,Sí,Sim,نعم,Так
No,否,否,Nein,Нет,Non,いいえ,아니요,No,Não,لا,Ні
Black Equalizer,黑平衡,黑平衡,Schwarzausgleich,Баланс черного,Égaliseur de noir,Black Equalizer,블랙 이퀄라이저,Ecualizador negro,Black Equalizer,إزالة الظل,Баланс чорного
Aim Stabilizer Sync,穩定瞄準功能Sync,稳定瞄准功能Sync,Zielstabilisator Sync,Aim Stabilizer Sync,Stabilisateur visée Sync,照準安定器Sync,에임 스테빌라이저 Sync,Aim Stabilizer Sync,Aim Stabilizer Sync,مثبت التصويب Sync,Aim Stabilizer Sync
ON,開啟,开启,Ein,ВКЛ.,MARCHE,オン,ON,Encendido,ATIVADO,تشغيل,Увімкнено
OFF,關閉,关闭,Aus,ВЫКЛ.,ARRÊT,オフ,OFF,Apagado,DESATIVADO,إغلاق,Вимкнено
Overdrive,反應時間,反应时间,Übersteuern,Увеличить масштаб,Surmultiplication,オーバードライブ,오버드라이브,Sobrecarga,Tempo de resposta,زمن الاستجابة للحركة,Overdrive
OFF,關閉,关闭,Aus,ВЫКЛ.,ARRÊT,オフ,OFF,Apagado,DESATIVADO,إغلاق,Вимкнено
Smart OD,智慧OD,智能OD,Intelligente OD,Режим Smart OD,Smart OD,スマートOD,스마트 오버드라이브,OD inteligente,OD inteligente,زمن الاستجابة الذكى,Smart OD
Picture quality,,,,,,,,,,,
Balance,平衡,平衡,Balance,Баланс,Balance,バランス,밸런스,Balance,Equilíbrio,التوازن,Баланс
Speed,速度優先,速度优先,Geschwindigkeit,Скорость,Vitesse,速度優先,속도 ,Velocidad,Velocidade,السرعة,Швидкість
Super Resolution,超級解析度,超级分辨率,Hohe Auflösung,Сверхвысокое разрешение ,Super résolution,超解像度,초고해상도,Súper resolución,Super resolução,وضوح فائق,Super Resolution
Display,顯示功能,显示功能,Display,Режим дисплея,Affichage,ディスプレイ,디스플레이,Monitor,Exibição,العرض,Режим дисплею
Input,輸入選擇,输入选择,Eingang,Входной сигнал,Entrée,入力,입력,Entrada,Entrada,الدخل,Вхід
HDMI 1,HDMI 1,HDMI 1,HDMI1,HDMI 1,HDMI 1,HDMI 1,HDMI 1,HDMI 1,HDMI 1,HDMI 1,HDMI 1
HDMI 2,HDMI 2,HDMI 2,HDMI2,HDMI 2,HDMI 2,HDMI 2,HDMI 2,HDMI 2,HDMI 2,HDMI 2,HDMI 2
DisplayPort,DisplayPort,DisplayPort,DisplayPort,DisplayPort,DisplayPort,DisplayPort,DisplayPort,DisplayPort,DisplayPort,DisplayPort,DisplayPort
Overclock,超頻模式,超频模式,Übertakten,Режим Overclock,Overclock,オーバークロックモード,오버클럭,Overclock,Overclock,كسر السرعة,Розгін
ON,開啟,开启,Ein,ВКЛ.,MARCHE,オン,ON,Encendido,ATIVADO,تشغيل,Увімкнено
OFF,關閉,关闭,Aus,ВЫКЛ.,ARRÊT,オフ,OFF,Apagado,DESATIVADO,إغلاق,Вимкнено
RGB Range,RGB 訊號範圍,RGB 信号范围,RGB Bereich,Диапазон RGB,Plage RVB ,RGB レンジ,RGB 신호 범위,Rango del RGB ,Gama RGB,نطاق ألوان RGB,Діапазон RGB
Auto detect,自動偵測,自动检测,Auto-Erkennung,Автоопределение,Détection automatique,自動検知,자동 검색,Detector automático,Detetar automaticamente,رصد تلقائى,Автовизначення
RGB (0 ~ 255),RGB (0 ~ 255),RGB (0 ~ 255),RGB (0 ~ 255),RGB (0 ~ 255),RVB (0 ~ 255),RGB (0 ~ 255),RGB (0 ~ 255),RGB (0 ~ 255),RGB (0 ~ 255),RGB (من 0 إلى 255),RGB (0 ~ 255)
RGB (16 ~ 235),RGB (16 ~ 235),RGB (16 ~ 235),RGB (16 ~ 235),RGB (16 ~ 235),RVB (16 ~ 235),RGB (16 ~ 235),RGB (16 ~ 235),RGB (16 ~ 235),RGB (16 ~ 235),RGB (من 16 إلى 235),RGB (16 ~ 235)
Overscan,Overscan,Overscan,Overscan,Увеличить масштаб,Surbalayage,オーバースキャン,오버스캔,Overscan,Overscan,تجاوز إطار الشاشة,Overscan
ON,開啟,开启,Ein,ВКЛ.,MARCHE,オン,ON,Encendido,ATIVADO,تشغيل,Увімкнено
OFF,關閉,关闭,Aus,ВЫКЛ.,ARRÊT,オフ,OFF,Apagado,DESATIVADO,إغلاق,Вимкнено
System,系統功能,系统功能,System,Система,Système,システム,시스템,Sistema,Sistema,النظام,Система
Audio,音訊,音讯,Audio,аудио,Audio,音源,오디오 소스,Audio,áudio,الصوت,Аудіо
Volume,音量,音量,Lautstärke,Громкость,Volume,音量,음량,Volumen,Volume,مستوى الصوت,Гучність
Mute,靜音,静音,Mute,Без звука,Muet,ミュート,음소거,Modo silencio,Silencioso,صامت,Без звуку
ON,開啟,开启,Ein,ВКЛ.,MARCHE,オン,ON,Encendido,ATIVADO,تشغيل,Увімкнено
OFF,關閉,关闭,Aus,ВЫКЛ.,ARRÊT,オフ,OFF,Apagado,DESATIVADO,إغلاق,Вимкнено
OSD Settings,OSD設定,OSD设定,OSD Einstellungen,Настройки экранного меню,Réglages OSD,OSD設定,OSD 설정,Configuración de OSD,Definições do OSD,إعدادات OSD,Налаштування меню
Display Time,顯示時間,显示时间,Anzeigedauer,Отображать на дисплее,Durée d'affichage,表示時間,디스플레이 시간,Mostrar tiempo,Tempo de exibição,وقت العرض,Час вiдображеня 
5 Sec.,5秒,5秒,5 Sek.,5 с,5 s,5秒,5 초,5 Segundos,5 s,5 ثوان,5 сек.
10 Sec.,10秒,10秒,10 Sek.,10 с,10 s,10秒,10 초,10 Segundos,10 s,10 ثوان,10 сек.
15 Sec.,15秒,15秒,15 Sek.,15 с,15 s,15秒,15 초,15 Segundos,15 s,15 ثانية,15 сек.
20 Sec.,20秒,20秒,20 Sek.,20 с,20 s,20秒,20 초,20 Segundos,20 s,20 ثانية,20 сек.
25 Sec.,25秒,25秒,25 Sek.,25 с,25 s,25秒,25 초,25 Segundos,25 s,25 ثانية,25 сек.
30 Sec.,30秒,30秒,30 Sek.,30 с,30 s,30秒,30 초,30 Segundos,30 s,30 ثانية,30 сек.
OSD Transparency,OSD透明度,OSD透明度,OSD Transparenz,Прозрачность,Transparence OSD,OSD透明度,OSD 투명도,Transparencia OSD,Transparência do OSD,شفافية OSD,Прозорiсть
0,,,,,,,,,,,
0.2,0.2,0.2,0.2,0.2,0.2,0.2,0.2,0.2,0.2,0.2,0.2
0.4,0.4,0.4,0.4,0.4,0.4,0.4,0.4,0.4,0.4,0.4,0.4
0.6,0.6,0.6,0.6,0.6,0.6,0.6,0.6,0.6,0.6,0.6,0.6
0.8,0.8,0.8,0.8,0.8,0.8,0.8,0.8,0.8,0.8,0.8,0.8
OSD Lock,鎖定OSD,锁定OSD,OSD Sperre,Блокировка экранного меню,Verrou OSD,OSDロック,OSD 잠금,Bloqueo OSD,Bloquear OSD,قفل OSD,Блокування меню
Quick Switch,快速鍵設定,快速键设定,Quick Switch,Быстрое переключение,Commutateur rapide,クイック切替,퀵스위치,Interruptor rápido,Troca rápida,تبديل سريع,Швидке перемикання
Up,上,上,hoch,Вверх,Haut,上,위,Arriba,Cima,أعلى,Вгору
Aim Stabilizer Sync,穩定瞄準功能Sync,稳定瞄准功能Sync,Zielstabilisator Sync,Aim Stabilizer Sync,Stabilisateur visée Sync,照準安定器Sync,에임 스테빌라이저 Sync,Aim Stabilizer Sync,Aim Stabilizer Sync,مثبت التصويب Sync,Aim Stabilizer Sync
Black Equalizer,黑平衡,黑平衡,Schwarzausgleich,Баланс черного,Égaliseur de noir,Black Equalizer,블랙 이퀄라이저,Ecualizador negro,Black Equalizer,إزالة الظل,Баланс чорного
Crosshair,準心輔助,准心辅助,Fadenkreuz,Прицел,Viseur,照準線,크로스헤어,Punto de mira,Mira,نقطة التقاطع,Прицiл
Low Blue Light,低藍光,低蓝光,Blaufilter,Фильтрация синего,Faible lumière bleue,ブルーライト低減,로우 블루라이트,Luz azul de baja intensidad,Luz azul reduzida,ضوء أزرق خفيف,Фільтр синього
Volume,音量,音量,Lautstärke,Громкость,Volume,音量,음량,Volumen,Volume,مستوى الصوت,Гучність
Input,輸入選擇,输入选择,Eingang,Входной сигнал,Entrée,入力,입력,Entrada,Entrada,الدخل,Вхід
Contrast,對比,对比,Kontrast,Контрастность,Contraste,コントラスト,대비,Contraste,Contraste,التباين,Контраст
Brightness,亮度,亮度,Helligkeit,Яркость,Luminosité,輝度,밝기,Brillo,Brilho,السطوع,Яскравість
Picture Mode,影像模式,影像模式,Bildmodus,Графика,Mode d’image,画像モード,시진모드,Modo imagen,Modo de Imagem,وضع الصورة,Режим зображення
Down,下,下,runter,Вниз,Bas,下,아래,Abajo,Baixo,أسفل,Вниз
Aim Stabilizer Sync,穩定瞄準功能Sync,稳定瞄准功能Sync,Zielstabilisator Sync,Aim Stabilizer Sync,Stabilisateur visée Sync,照準安定器Sync,에임 스테빌라이저 Sync,Aim Stabilizer Sync,Aim Stabilizer Sync,مثبت التصويب Sync,Aim Stabilizer Sync
Black Equalizer,黑平衡,黑平衡,Schwarzausgleich,Баланс черного,Égaliseur de noir,Black Equalizer,블랙 이퀄라이저,Ecualizador negro,Black Equalizer,إزالة الظل,Баланс чорного
Crosshair,準心輔助,准心辅助,Fadenkreuz,Прицел,Viseur,照準線,크로스헤어,Punto de mira,Mira,نقطة التقاطع,Прицiл
Low Blue Light,低藍光,低蓝光,Blaufilter,Фильтрация синего,Faible lumière bleue,ブルーライト低減,로우 블루라이트,Luz azul de baja intensidad,Luz azul reduzida,ضوء أزرق خفيف,Фільтр синього
Volume,音量,音量,Lautstärke,Громкость,Volume,音量,음량,Volumen,Volume,مستوى الصوت,Гучність
Input,輸入選擇,输入选择,Eingang,Входной сигнал,Entrée,入力,입력,Entrada,Entrada,الدخل,Вхід
Contrast,對比,对比,Kontrast,Контрастность,Contraste,コントラスト,대비,Contraste,Contraste,التباين,Контраст
Brightness,亮度,亮度,Helligkeit,Яркость,Luminosité,輝度,밝기,Brillo,Brilho,السطوع,Яскравість
Picture Mode,影像模式,影像模式,Bildmodus,Графический режим,Mode d’image,画像モード,사진모드,Modo imagen,Modo de imagem,وضع الصورة,Режим зображення
Right,右,右,rechts,Вправо,Droite,右,오른쪽,Derecha,Direita,يمين,Вправо
Aim Stabilizer Sync,穩定瞄準功能Sync,稳定瞄准功能Sync,Zielstabilisator Sync,Aim Stabilizer Sync,Stabilisateur visée Sync,照準安定器Sync,에임 스테빌라이저 Sync,Aim Stabilizer Sync,Aim Stabilizer Sync,مثبت التصويب Sync,Aim Stabilizer Sync
Black Equalizer,黑平衡,黑平衡,Schwarzausgleich,Баланс черного,Égaliseur de noir,Black Equalizer,블랙 이퀄라이저,Ecualizador negro,Black Equalizer,إزالة الظل,Баланс чорного
Crosshair,準心輔助,准心辅助,Fadenkreuz,Прицел,Viseur,照準線,크로스헤어,Punto de mira,Mira,نقطة التقاطع,Прицiл
Low Blue Light,低藍光,低蓝光,Blaufilter,Фильтрация синего,Faible lumière bleue,ブルーライト低減,로우 블루라이트,Luz azul de baja intensidad,Luz azul reduzida,ضوء أزرق خفيف,Фільтр синього
Volume,音量,音量,Lautstärke,Громкость,Volume,音量,음량,Volumen,Volume,مستوى الصوت,Гучність
Input,輸入選擇,输入选择,Eingang,Входной сигнал,Entrée,入力,입력,Entrada,Entrada,الدخل,Вхід
Contrast,對比,对比,Kontrast,Контрастность,Contraste,コントラスト,대비,Contraste,Contraste,التباين,Контраст
Brightness,亮度,亮度,Helligkeit,Яркость,Luminosité,輝度,밝기,Brillo,Brilho,السطوع,Яскравість
Picture Mode,影像模式,影像模式,Bildmodus,Графика,Mode d’image,画像モード,시진모드,Modo imagen,Modo de Imagem,وضع الصورة,Режим зображення
Left,左,左,links,Влево,Gauche,左,왼쪽,Izquierda,Esquerda,يسار,Вліво
Aim Stabilizer Sync,穩定瞄準功能Sync,稳定瞄准功能Sync,Zielstabilisator Sync,Aim Stabilizer Sync,Stabilisateur visée Sync,照準安定器Sync,에임 스테빌라이저 Sync,Aim Stabilizer Sync,Aim Stabilizer Sync,مثبت التصويب Sync,Aim Stabilizer Sync
Black Equalizer,黑平衡,黑平衡,Schwarzausgleich,Баланс черного,Égaliseur de noir,Black Equalizer,블랙 이퀄라이저,Ecualizador negro,Black Equalizer,إزالة الظل,Баланс чорного
Crosshair,準心輔助,准心辅助,Fadenkreuz,Прицел,Viseur,照準線,크로스헤어,Punto de mira,Mira,نقطة التقاطع,Прицiл
Low Blue Light,低藍光,低蓝光,Blaufilter,Фильтрация синего,Faible lumière bleue,ブルーライト低減,로우 블루라이트,Luz azul de baja intensidad,Luz azul reduzida,ضوء أزرق خفيف,Фільтр синього
Volume,音量,音量,Lautstärke,Громкость,Volume,音量,음량,Volumen,Volume,مستوى الصوت,Гучність
Input,輸入選擇,输入选择,Eingang,Входной сигнал,Entrée,入力,입력,Entrada,Entrada,الدخل,Вхід
Contrast,對比,对比,Kontrast,Контрастность,Contraste,コントラスト,대비,Contraste,Contraste,التباين,Контраст
Brightness,亮度,亮度,Helligkeit,Яркость,Luminosité,輝度,밝기,Brillo,Brilho,السطوع,Яскравість
Picture Mode,影像模式,影像模式,Bildmodus,Графика,Mode d’image,画像モード,시진모드,Modo imagen,Modo de Imagem,وضع الصورة,Режим зображення
Other Settings,其它設定,其它设定,Weitere Einstellungen,Другие настройки,Autres réglages,その他設定,기타 설정,Otros ajustes,Outras definições,إعدادات أخرى,Інші налаштування
Resolution Notice,解析度提醒,分辨率提醒,Auflösungshinweis,Разрешение экрана,Avis résolution,解像度通知,해상도 알림,Aviso de resolución,Notificação de resolução,إشعارات الوضوح,Роздiльна здатнiсть
ON,開啟,开启,Ein,ВКЛ.,MARCHE,オン,ON,Encendido,ATIVADO,تشغيل,Увімкнено
OFF,關閉,关闭,Aus,ВЫКЛ.,ARRÊT,オフ,OFF,Apagado,DESATIVADO,إغلاق,Вимкнено
Input Auto Switch,輸入自動切換,输入自动切换,Input Auto Switch,Автопереключение,Commutateur automatique,入力自動切換,입력 자동 전환,Input Auto Switch,Input Auto Switch,تبديل تلقائي للدخل,Автоперемикання аудiо
ON,開啟,开启,Ein,ВКЛ.,MARCHE,オン,ON,Encendido,ATIVADO,تشغيل,Увімкнено
OFF,關閉,关闭,Aus,ВЫКЛ.,ARRÊT,オフ,OFF,Apagado,DESATIVADO,إغلاق,Вимкнено
Auto Power OFF,自動關機,自动关机,Auto Power OFF,Автоотключение,Mise hors tension automatique,自動電源オフ,자동 전원 끄기,Apagar automáticamente,Desligar automaticamente,فصل تلقائى للطاقة,Автовимкнення
OFF,關閉,关闭,Aus,ВЫКЛ.,ARRÊT,オフ,OFF,Apagado,DESATIVADO,إغلاق,Вимкнено
10min.,10分鐘,10分钟,10 Min.,10 мин.,10 min,10分,10분,10 Minutos,10 min.,10 دقائق,10 хв.
20min.,20分鐘,20分钟,20 Min.,20 мин.,20 min,20分,20분,20 Minutos,20 min.,20 دقيقة,20 хв.
30min.,30分鐘,30分钟,30 Min.,30 мин.,30 min,30分,30분,30 Minutos,30 min.,30 دقيقة,30 хв.
LED Indicator,LED指示燈亮度,LED指示灯亮度,LED-Anzeige,Светодиодный индикатор,Indicateur LED,LEDインディケーター,LED 표시기,Indicador LED,Indicador LED,مؤشر LED,LED індикатор
Always ON,全時開啟,全时开启,Immer EIN,Всегда Вкл.,Always ON,常にON,상시 ON,Always ON,Always ON,تشغيل دائم,Завжди увімкнено
Always OFF,全時關閉,全时关闭,Immer AUS,Всегда Выкл.,Always OFF,常にOFF,상시 OFF,Always OFF,Always OFF,إغلاق دائم,Завжди вимкнено
Standby ON,待機開啟,待机开启,Standby EIN,Дежурный режим Вкл.,Standby ON,スタンバイ,스탠바이 ON,Standby ON,Standby ON,وضع الاستعداد,Standby ON
HDMI-CEC,HDMI-CEC,HDMI-CEC,HDMI-CEC,HDMI-CEC,HDMI-CEC,HDMI-CEC,HDMI-CEC,HDMI-CEC,HDMI-CEC,HDMI-CEC,HDMI-CEC
ON,開啟,开启,Ein,ВКЛ.,MARCHE,オン,ON,Encendido,ATIVADO,تشغيل,Увімкнено
OFF,關閉,关闭,Aus,ВЫКЛ.,ARRÊT,オフ,OFF,Apagado,DESATIVADO,إغلاق,Вимкнено
Langauge,,,,,,,,,,,
English,繁中,简中,Deutsch,Русский,Français,日本語,한국어,Español,Português,العربية,Українська
繁中,,,,,,,,,,,
简中,,,,,,,,,,,
Deutsch,,,,,,,,,,,
Русский,,,,,,,,,,,
Français,,,,,,,,,,,
日本語,,,,,,,,,,,
한국어,,,,,,,,,,,
Español,,,,,,,,,,,
Português,,,,,,,,,,,
العربية,,,,,,,,,,,
українська,,,,,,,,,,,
Reset all,清除所有設定值,清除所有设定值,Alles zurücksetzen,Сбросить все,Tout réinitialiser,全リセット,재설정,Reajustar,Repor tudo,إعادة ضبط الكل,Скинути все
Turn off,,,,,,,,,,,
Crosshair,準心輔助,准心辅助,Fadenkreuz,Прицел,Viseur,照準線,크로스헤어,Punto de mira,Mira,نقطة التقاطع,Прицiл
Input,輸入選擇,输入选择,Eingang,Входной сигнал,Entrée,入力,입력,Entrada,Entrada,الدخل,Вхід
HDMI 1,HDMI 1,HDMI 1,HDMI1,HDMI 1,HDMI 1,HDMI 1,HDMI 1,HDMI 1,HDMI 1,HDMI 1,HDMI 1
HDMI 2,HDMI 2,HDMI 2,HDMI2,HDMI 2,HDMI 2,HDMI 2,HDMI 2,HDMI 2,HDMI 2,HDMI 2,HDMI 2
DisplayPort,DisplayPort,DisplayPort,DisplayPort,DisplayPort,DisplayPort,DisplayPort,DisplayPort,DisplayPort,DisplayPort,DisplayPort,DisplayPort
Black Equalizer,黑平衡,黑平衡,Schwarzausgleich,Баланс черного,Égaliseur de noir,Black Equalizer,블랙 이퀄라이저,Ecualizador negro,Black Equalizer,إزالة الظل,Баланс чорного
Picture Mode,影像模式,影像模式,Bildmodus,Графика,Mode d’image,画像モード,시진모드,Modo imagen,Modo de Imagem,وضع الصورة,Режим зображення
Standard,預設模式,预设模式,Standard,Стандартный,Standard,スタンダード,표준,Modo estándar,Padrão,قياسى,Стандартний
Game,遊戲模式,游戏模式,Game,Игра,Jeu,ゲーム,게임,Juego,Jogos,الألعاب,Game
Movie,電影模式,电影模式,Film,Фильмы,Film,映画,영화 ,Modo cine,Filme,أفلام,Фільми
Reader,閱讀模式,阅读模式,Lesegerät,Чтение,Lecture,リーダー,읽기,Modo lector,Leitura,قراءة,Читання
sRGB,sRGB,sRGB,sRGB,sRGB,sRGB,sRGB,sRGB,sRGB,sRGB,sRGB,sRGB
Custom,使用者模式,用户模式,Benutzerdefiniert,Режим,Personnalisé,カスタム,사용자 모드,Personalizado,Personalizado,تخصيص,Режим
ECO,ECO,ECO,ECO,ECO,ECO,ECO,ECO,ECO,ECO,ECO,ECO
,,,,,,,,,,,
,,,,,,,,,,,
Gaming Timer,遊戲計時器,游戏计时器,Gaming Timer,Таймер игры,Minuterie de jeu,ゲームタイマー,게임 타이머,Cronómetro Gaming,Temporizador de jogo,ميقاتى الألعاب,Ігровий таймер
,,,,,,,,,,,
Aim Stabilizer,穩定瞄準功能,稳定瞄准功能,Zielstabilisator,Aim Stabilizer,Stabilisateur visée,照準安定器,에임 스테빌라이저,Aim Stabilizer,Aim Stabilizer,مثبت التصويب,Aim Stabilizer
FreeSync,FreeSync,FreeSync,FreeSync, FreeSync,FreeSync,FreeSync,FreeSync,FreeSync,FreeSync,FreeSync,FreeSync
Gaming,遊戲模式,游戏模式,Gaming,Игра,Jeu,ゲーミング,게임,Juego,Jogos,الألعاب,Gaming
,,,,,,,,,,,
Language,語言設定,语言设定,Sprache,Язык,Langue,言語,언어 ,Idioma,Idioma,اللغة,Мова
RGB LED,RGB燈光,RGB灯光,RGB LED,Подсветка RGB,LED RGB,RGB LED,RGB LED,LED RGB,LED RGB,RGB LED,Пiдсвiтка RGB
Mode 1,模式1,模式1,Mode 1,Режим 1,Mode 1,モード 1,모드 1,Modo 1,Modo 1,وضع 1,Режим 1
Mode 2,模式2,模式2,Mode 2,Режим 2,Mode 2,モード 2,모드 2,Modo 2,Modo 2,وضع 2,Режим 2
Mode 3,模式3,模式3,Mode 3,Режим 3,Mode 3,モード 3,모드 3,Modo 3,Modo 3,وضع 3,Режим 3
Audio Source,音訊來源,音讯来源,Audio Quelle,Источник аудиосигнала,Source audio,音源,오디오 소스,Fuente de Audio,Fonte de áudio,مصدر الصوت,Джерело аудiо
HDMI / DP,HDMI / DP,HDMI / DP,HDMI / DP,HDMI / DP,HDMI / DP,HDMI / DP,HDMI / DP,HDMI / DP,HDMI/DP,HDMI / DP,HDMI / DP
USB Codec,USB音效晶片,USB音效芯片,USB Codec,USB кодек,Codec USB,USBコーデック,USB 코덱,Codec USB,Codec USB,ترميز USB,USB кодек
Auto detect,自動偵測,自动检测,Auto-Erkennung,Автоопределение,Détection automatique,自動検知,자동 검색,Detector automático,Detetar automaticamente,رصد تلقائى,Автовизначення
1,1,1,1,1,1,1,1,1,1,1,1
,,,,,,,,,,,
Aim Stabilizer,穩定瞄準功能,稳定瞄准功能,Zielstabilisator,Aim Stabilizer,Stabilisateur visée,照準安定器,에임 스테빌라이저,Aim Stabilizer,Aim Stabilizer,مثبت التصويب,Aim Stabilizer
,,,,,,,,,,,
Friendly,Friendly,Friendly,Friendly,Удобный,Convivial,Friendly,Friendly,Amistoso,Friendly,صديق للبيئة,
,,,,,,,,,,,
Select,選擇,选择,Auswählen,Выбрать,Sélectionner,選択,선택,Seleccionar,Selecionar,تحديد,Вибрати
Confirm,確認,确认,Bestätigen,Подтвердить,Confirmer,確認,확인,Confirmar,Confirmar,تأكيد,Підтвердити
Adjust,調整,调整,Anpassen,Регулировать,Ajuster,調整,조정,Ajustar,Ajustar,ضبط,Керування
Move,移動,移动,Verschieben,Переместить,Déplacer,移動,이동,Mover,Mover,تحريك,Перемістити
Enter,輸入,输入,Eingeben,Войти,Saisir,入る,입력,Introducir,Entrar,إدخال,Увійти
Resolution,解析度,分辨率,Auflösung,Разрешение,Résolution,解像度,해상도,Resolución,Resolução,الوضوح,Роздiльна здатнiсть
"The button is locked
confirm to unlock OSD","按鈕已鎖定
確認解鎖OSD","按钮已锁定
确认解锁OSD","Taste ist gesperrt,
zur OSD-Freigabe
bestätigen",Кнопка заблокирована. Подтвердите  разблокировку экранного меню,"Le bouton est verrouillé
confirmer pour déverrouiller OSD","ボタンがロックされています
OSDのロック解除する","버튼잠김
OSD 잠금 해제 확인","El botón está bloqueado
Confirmar para desbloquear OSD","O botão está bloqueado
confirme para desbloquear o OSD",الزر مقفل، هل تريد تأكيد إلغاء قفل OSD؟,Кнопка заблокована. Підтвердіть розблокування меню
HDMI 1,HDMI 1,HDMI 1,HDMI1,HDMI 1,HDMI 1,HDMI 1,HDMI 1,HDMI 1,HDMI 1,HDMI 1,HDMI 1
HDMI 2,HDMI 2,HDMI 2,HDMI2,HDMI 2,HDMI 2,HDMI 2,HDMI 2,HDMI 2,HDMI 2,HDMI 2,HDMI 2
DisplayPort,DisplayPort,DisplayPort,DisplayPort,DisplayPort,DisplayPort,DisplayPort,DisplayPort,DisplayPort,DisplayPort,DisplayPort,DisplayPort
No Signal,無信號,无信号,Kein Signal,Нет сигнала,Aucun signal,表示信号なし,신호없음,Sin señal,Sem sinal,لا توجد إشارة,Немає сигналу
Out of Range!,超出範圍,超出范围,Außerhalb des Bereichs!,Вне диапазона!,Hors plage !,表示範囲外です!,범위초과,Fuera de rango!,Fora de alcance!,خارج النطاق!,Out of Range!
,,,,,,,,,,,
Changing the default settings will increase the monitor power consumption. ,"修改出廠設定會增加
此台螢幕的能耗","修改出厂设定会增加
此台显示器的能耗",Eine Änderung der Standardeinstellungen erhöht den Stromverbrauch des Monitors. ,Изменение настроек по умолчанию приведет к увеличению энергопотребления монитора.,La modification des paramètres par défaut augmentera la consommation électrique du moniteur. ,出荷時の設定を変更した場合に、モニターの消費電力が増える可能性があります。,"디폴트 값 변경시 모니터 소비전력이
증가될수 있습니다",Changing the default settings will increase the monitor power consumption. ,Trocar as configurações padrão irá aumentar o consumo de energia do monitor,تغيير الإعدادات الافتراضية سوف يزيد من استهلاك الشاشة للكهرباء. ,Зміна параметрів за замовчуванням збільшить споживання енергії монітором.
,,,,,,,,,,,
"Note:
 When Overclocking is enabled.
The monitor may result some side effects.
It is possible to reduce such effects by setting a lower refresh rate.","注意：
當超頻模式被開啟時，螢幕可能會產生一些畫面異常現象。
降低螢幕的更新頻率可能可以減少畫面異常的情形。","注意：
当超频模式被开启时，屏幕可能会产生一些画面异常现象。
降低屏幕的更新频率可能可以减少画面异常的情形。","Anmerkung:_x000D_
Wenn Übertaktung aktiviert ist._x000D_
Der Monitor kann einige Nebenwirkungen haben._x000D_
Es ist möglich, solche Effekte zu reduzieren, indem eine niedrigere Aktualisierungsrate eingestellt wird.","Примечание:
Режим Overclocking может вызвать побочные эффекты при работе монитора. Влияние этих эффектов можно уменьшить, понизив частоту обновления экрана.","Note :
 Lorsque l'overclocking est activé.
Le moniteur peut entraîner certains effets secondaires.
Il est possible de réduire ces effets en fixant un taux de rafraîchissement plus faible.","注意：
オーバークロックモードを有効にすると描画に問題が発生する可能性があります。その場合はリフレッシュレートを下げることでその問題を低減できます。","주의: 오버클럭 enable시,사이드 이펙트현상이 나올수 있습니다. 
이러한경우, 화면 재생율 낮음 설정으로 사이드 이펙트 현상을 감소 시킬수 있습니다","Nota:
  Cuando el overclocking está habilitado.
El monitor puede provocar algunos efectos secundarios.
Es posible reducir estos efectos estableciendo una frecuencia de actualización más baja",Nota: Quando o overclock está abilitado o monitor pode apresentar efeitos inesperados. É possível reduzir esses efeitos definindo uma taxa de atualização menor,"ملحوظة:
عند تفعيل وضع كسر السرعة، قد تحدث بالشاشة بعض الآثار الجانبية. يمكن التقليل من هذه الآثار عن طريق إدخال معدل تحديث أقل.","Примітка:
  Коли ввімкнено розгін.
Монітор може викликати деякі побічні ефекти.
Ці ефекти можна зменшити, встановивши меншу частоту оновлення."
,,,,,,,,,,,
Standby Menu,Standby Menu,Standby Menu,Standby Menu,Standby Menu,Standby Menu,Standby Menu,Standby Menu,Standby Menu,Standby Menu,Standby Menu,Standby Menu
Other,其它設定,其它设定,Weitere Einstellungen,Другие настройки,Autres réglages,その他設定,기타 설정,Otros ajustes,Outras definições,إعدادات أخرى,Інший
Picture Quality,畫質優先,画质优先,Bildqualität,Качество изображения,Qualité d'image,画像品質,화질 ,Calidad del imagen,Qualidade da imagem,جودة الصورة,Якість зображення
,,,,,,,,,,,
PIP Size,PIP尺寸,PIP尺寸,PIP Größe,Размер PIP,Taille PIP,PIPサイズ,PIP 크기,Tamaño PIP,Tamanho PIP,حجم PIP ,Розмір PIP
Source,訊源,信号源,Quelle,Источник,Source,ソース,소스,Fuente,Fonte,المصدر,Джерело
Quick Boot,快速啟動,快速启动,Schnellstart,Быстрая загрузка,Démarrage rapide,クイックブート,빠른 부팅,Arranque rápido,Inicialização rápida,التمهيد السريع,Швидке завантаження
Location,位置,位置,Position,Расположение,Emplacement,位置,위치,Ubicación,Localização,الموقع,Розташування
Audio Switch,音訊切換,音讯切换,Audio Schalter,Переключение звука,Commutateur audio,オーディオ切替,오디오 전환,Interruptor Audio,Trocar áudio,تبديل الصوت,Перемикання звуку
Display Switch,視訊切換,视讯切换,Display Schalter,Переключение видео,Commutateur d'affichage,ディスプレイ切替,디스플레이 전환,Interruptor Imagen,Trocar exibição,تبديل الشاشة,Перемикання відео
